lib_type,2X bulk,3X 100-cells,3X 10-cells,32X single-cells
2X bulk,1.0,0.829339194920922,0.688688773683713,0.7454283586314993
3X 100-cells,0.829339194920922,1.0,0.6978983302099208,0.7548352098664727
3X 10-cells,0.688688773683713,0.6978983302099208,1.0,0.6814439119939515
32X single-cells,0.7454283586314993,0.7548352098664727,0.6814439119939515,1.0
